path,text
5.화재_10010_label.wav,불났어
5.화재_10012_label.wav,화재다
5.화재_10013_label.wav,불이다
5.화재_10014_label.wav,불났어
5.화재_10018_label.wav,화재다
5.화재_10028_label.wav,화재다
5.화재_10033_label.wav,불났어
5.화재_10042_label.wav,불났어
5.화재_10045_label.wav,불났다
5.화재_10047_label.wav,화재다
5.화재_10052_label.wav,불이다
5.화재_10054_label.wav,화재났어
5.화재_10056_label.wav,화재다
5.화재_10058_label.wav,화재났어
5.화재_10059_label.wav,불났다
5.화재_10061_label.wav,불났다
5.화재_10070_label.wav,불이다
5.화재_10074_label.wav,화재다
5.화재_10078_label.wav,불났어
5.화재_10097_label.wav,불이다
5.화재_10103_label.wav,화재다
5.화재_10104_label.wav,화재났어
5.화재_10110_label.wav,불이다
5.화재_10111_label.wav,불이다
5.화재_10117_label.wav,불났다
5.화재_10126_label.wav,화재다
5.화재_10127_label.wav,화재다
5.화재_10145_label.wav,화재났어
5.화재_10156_label.wav,화재다
5.화재_10165_label.wav,불났다
5.화재_10169_label.wav,화재다
5.화재_10178_label.wav,불이다
5.화재_10182_label.wav,불났다
5.화재_10195_label.wav,화재났어
5.화재_10211_label.wav,불났다
5.화재_10214_label.wav,화재났어
5.화재_10215_label.wav,불났어
5.화재_10218_label.wav,불이다
5.화재_10221_label.wav,화재다
5.화재_10223_label.wav,불났다
5.화재_10224_label.wav,불났다
5.화재_10230_label.wav,불났다
5.화재_10231_label.wav,불났다
5.화재_10247_label.wav,불났어
5.화재_10260_label.wav,화재났어
5.화재_10262_label.wav,화재났어
5.화재_10274_label.wav,불났다
5.화재_10279_label.wav,불났어
5.화재_10289_label.wav,불났어
5.화재_10290_label.wav,불났다
5.화재_10295_label.wav,화재다
5.화재_10297_label.wav,화재다
5.화재_10306_label.wav,불이다
5.화재_10307_label.wav,불났어
5.화재_10309_label.wav,불났어
5.화재_10310_label.wav,불났다
5.화재_10317_label.wav,불났어
5.화재_10328_label.wav,불났어
5.화재_10329_label.wav,화재났어
5.화재_10341_label.wav,화재났어
5.화재_10342_label.wav,불이다
5.화재_10343_label.wav,화재났어
5.화재_10347_label.wav,불났어
5.화재_10354_label.wav,화재났어
5.화재_10359_label.wav,화재다
5.화재_10363_label.wav,화재다
5.화재_10373_label.wav,화재났어
5.화재_10378_label.wav,불났다
5.화재_10404_label.wav,불났다
5.화재_10412_label.wav,불났다
5.화재_10417_label.wav,불났다
5.화재_10420_label.wav,불이다
5.화재_10443_label.wav,불났어
5.화재_10444_label.wav,불났다
5.화재_10447_label.wav,불났어
5.화재_10453_label.wav,화재다
5.화재_10455_label.wav,화재다
5.화재_10461_label.wav,불났어
5.화재_10463_label.wav,불났다
5.화재_10470_label.wav,불났다
5.화재_10482_label.wav,불이다
5.화재_10485_label.wav,불났다
5.화재_10486_label.wav,불났다
5.화재_10487_label.wav,화재났어
5.화재_10492_label.wav,화재났어
5.화재_10504_label.wav,화재다
5.화재_10507_label.wav,불났다
5.화재_10508_label.wav,화재났어
5.화재_10512_label.wav,화재다
5.화재_10513_label.wav,화재났어
5.화재_10522_label.wav,화재났어
5.화재_10530_label.wav,화재다
5.화재_10532_label.wav,화재났어
5.화재_10537_label.wav,불났어
5.화재_10545_label.wav,불이다
5.화재_10548_label.wav,불났어
5.화재_10564_label.wav,화재났어
5.화재_10567_label.wav,불이다
5.화재_10569_label.wav,화재났어
5.화재_10571_label.wav,불이다
5.화재_10577_label.wav,화재다
5.화재_10578_label.wav,불이다
5.화재_10579_label.wav,불이다
5.화재_10581_label.wav,불이다
5.화재_10582_label.wav,불났다
5.화재_10584_label.wav,불났어
5.화재_10587_label.wav,불났다
5.화재_10590_label.wav,불났어
5.화재_10594_label.wav,불났다
5.화재_10595_label.wav,불났다
5.화재_10601_label.wav,불났어
5.화재_10604_label.wav,불났다
5.화재_10609_label.wav,불이다
5.화재_10614_label.wav,불났다
5.화재_10624_label.wav,화재다
5.화재_10627_label.wav,불났다
5.화재_10630_label.wav,불났어
5.화재_10644_label.wav,화재났어
5.화재_10646_label.wav,화재났어
5.화재_10659_label.wav,화재다
5.화재_10664_label.wav,불이다
5.화재_10666_label.wav,불났어
5.화재_10670_label.wav,불났다
5.화재_10676_label.wav,불났다
5.화재_10677_label.wav,화재다
5.화재_10680_label.wav,화재다
5.화재_10690_label.wav,불났다
5.화재_10691_label.wav,화재다
5.화재_10697_label.wav,불났다
5.화재_10703_label.wav,불이다
5.화재_10720_label.wav,불났다
5.화재_10731_label.wav,불이다
5.화재_10732_label.wav,화재났어
5.화재_10733_label.wav,화재다
5.화재_10740_label.wav,화재다
5.화재_10741_label.wav,불났다
5.화재_10744_label.wav,불났다
5.화재_10745_label.wav,화재다
5.화재_10753_label.wav,불났다
5.화재_10771_label.wav,화재났어
5.화재_10781_label.wav,화재났어
5.화재_10789_label.wav,불났다
5.화재_10794_label.wav,불났다
5.화재_10799_label.wav,불났다
5.화재_10810_label.wav,화재났어
5.화재_10811_label.wav,불났다
5.화재_10812_label.wav,화재다
5.화재_10816_label.wav,불났다
5.화재_10825_label.wav,화재났어
5.화재_10826_label.wav,불이다
5.화재_10830_label.wav,화재났어
5.화재_10841_label.wav,불이다
5.화재_10844_label.wav,불났어
5.화재_10845_label.wav,화재다
5.화재_10852_label.wav,화재났어
5.화재_10854_label.wav,불났다
5.화재_10855_label.wav,화재났어
5.화재_10861_label.wav,화재났어
5.화재_10865_label.wav,불났어
5.화재_10885_label.wav,불났어
5.화재_10894_label.wav,불이다
5.화재_10900_label.wav,화재났어
5.화재_10905_label.wav,화재다
5.화재_10924_label.wav,화재났어
5.화재_10926_label.wav,화재다
5.화재_10932_label.wav,불났어
5.화재_10938_label.wav,불났다
5.화재_10939_label.wav,화재다
5.화재_10940_label.wav,화재다
5.화재_10945_label.wav,불났어
5.화재_10949_label.wav,불났다
5.화재_10962_label.wav,화재다
5.화재_10963_label.wav,화재다
5.화재_10977_label.wav,불났어
5.화재_10982_label.wav,불났어
5.화재_10986_label.wav,화재났어
5.화재_10991_label.wav,화재다
5.화재_10993_label.wav,불이다
5.화재_10995_label.wav,화재다
5.화재_10996_label.wav,불났다
5.화재_11005_label.wav,불이다
5.화재_11007_label.wav,화재났어
5.화재_11011_label.wav,화재났어
5.화재_11013_label.wav,불났다
5.화재_11024_label.wav,화재났어
5.화재_11028_label.wav,불났다
5.화재_11030_label.wav,화재다
5.화재_11037_label.wav,화재다
5.화재_11038_label.wav,불이다
5.화재_11040_label.wav,화재다
5.화재_11048_label.wav,불났다
5.화재_11052_label.wav,화재났어
5.화재_11054_label.wav,화재다
5.화재_11058_label.wav,불났다
5.화재_11061_label.wav,불났어
5.화재_11062_label.wav,화재났어
5.화재_11069_label.wav,화재났어
5.화재_11074_label.wav,화재다
5.화재_11081_label.wav,불났다
5.화재_11083_label.wav,화재다
5.화재_11088_label.wav,화재다
5.화재_11096_label.wav,화재났어
5.화재_11097_label.wav,불이다
5.화재_11112_label.wav,화재다
5.화재_11125_label.wav,불났어
5.화재_11131_label.wav,불났다
5.화재_11136_label.wav,불이다
5.화재_11139_label.wav,불이다
5.화재_11146_label.wav,불났다
5.화재_11150_label.wav,불났어
5.화재_11183_label.wav,불이다
5.화재_11187_label.wav,불났다
5.화재_11190_label.wav,불났다
5.화재_11192_label.wav,불났어
5.화재_11205_label.wav,화재다
5.화재_11218_label.wav,화재다
5.화재_11219_label.wav,화재났어
5.화재_11226_label.wav,화재났어
5.화재_11227_label.wav,화재났어
5.화재_11229_label.wav,불났어
5.화재_11237_label.wav,불났어
5.화재_11239_label.wav,불났다
5.화재_11251_label.wav,불이다
5.화재_11255_label.wav,화재다
5.화재_11256_label.wav,화재다
5.화재_11261_label.wav,화재났어
5.화재_11273_label.wav,불났다
5.화재_11281_label.wav,화재다
5.화재_11287_label.wav,불났다
5.화재_11289_label.wav,화재다
5.화재_11297_label.wav,불났다
5.화재_11305_label.wav,화재났어
5.화재_11308_label.wav,불이다
5.화재_11315_label.wav,화재다
5.화재_11318_label.wav,불났어
5.화재_11321_label.wav,화재다
5.화재_11324_label.wav,화재다
5.화재_11329_label.wav,화재다
5.화재_11330_label.wav,화재났어
5.화재_11333_label.wav,화재났어
5.화재_11336_label.wav,화재다
5.화재_11339_label.wav,화재났어
5.화재_11344_label.wav,불이다
5.화재_11352_label.wav,화재났어
5.화재_11359_label.wav,화재났어
5.화재_11361_label.wav,불났다
5.화재_11366_label.wav,화재다
5.화재_11369_label.wav,화재났어
5.화재_11381_label.wav,화재났어
5.화재_11407_label.wav,화재다
5.화재_11421_label.wav,화재났어
5.화재_11424_label.wav,화재다
5.화재_11441_label.wav,화재났어
5.화재_11454_label.wav,화재났어
5.화재_11457_label.wav,화재났어
5.화재_11468_label.wav,불이다
5.화재_11469_label.wav,화재다
5.화재_11480_label.wav,불났어
5.화재_11481_label.wav,화재다
5.화재_11485_label.wav,불났다
5.화재_11491_label.wav,화재다
5.화재_11498_label.wav,화재났어
5.화재_11508_label.wav,불났다
5.화재_11513_label.wav,불났어
5.화재_11534_label.wav,불났다
5.화재_11539_label.wav,화재다
5.화재_11550_label.wav,화재다
5.화재_11554_label.wav,불났다
5.화재_11575_label.wav,불났어
5.화재_11586_label.wav,불났다
5.화재_11590_label.wav,화재났어
5.화재_11600_label.wav,불이다
5.화재_11611_label.wav,불났다
5.화재_11616_label.wav,화재났어
5.화재_11630_label.wav,불이다
5.화재_11633_label.wav,불났다
5.화재_11638_label.wav,화재났어
5.화재_11643_label.wav,불났어
5.화재_11644_label.wav,화재다
5.화재_11648_label.wav,불이다
5.화재_11653_label.wav,화재다
5.화재_11654_label.wav,불이다
5.화재_11657_label.wav,불났어
5.화재_11666_label.wav,불났다
5.화재_11669_label.wav,불났어
5.화재_11676_label.wav,불이다
5.화재_11684_label.wav,불났어
5.화재_11688_label.wav,화재났어
5.화재_11691_label.wav,화재났어
5.화재_11694_label.wav,불이다
5.화재_11711_label.wav,화재났어
5.화재_11721_label.wav,화재다
5.화재_11722_label.wav,화재났어
5.화재_11723_label.wav,불났어
5.화재_11726_label.wav,불났어
5.화재_11730_label.wav,화재났어
5.화재_11733_label.wav,화재다
5.화재_11738_label.wav,불이다
5.화재_11744_label.wav,불이다
5.화재_11747_label.wav,화재다
5.화재_11749_label.wav,화재났어
5.화재_11753_label.wav,불났어
5.화재_11754_label.wav,불났어
5.화재_11759_label.wav,화재났어
5.화재_11760_label.wav,불났다
5.화재_11763_label.wav,불이다
5.화재_11767_label.wav,불났다
5.화재_11770_label.wav,화재났어
5.화재_11774_label.wav,불났다
5.화재_11783_label.wav,불났다
5.화재_11795_label.wav,불이다
5.화재_11799_label.wav,불났다
5.화재_11815_label.wav,불났어
5.화재_11820_label.wav,불이다
5.화재_11825_label.wav,불났다
5.화재_11832_label.wav,불났다
5.화재_11833_label.wav,불났다
5.화재_11838_label.wav,화재났어
5.화재_11857_label.wav,화재다
5.화재_11869_label.wav,화재다
5.화재_11873_label.wav,화재났어
5.화재_11883_label.wav,불났어
5.화재_11884_label.wav,화재다
5.화재_11888_label.wav,화재났어
5.화재_11918_label.wav,불났다
5.화재_11920_label.wav,화재다
5.화재_11933_label.wav,불났어
5.화재_11944_label.wav,화재났어
5.화재_11948_label.wav,불났다
5.화재_11954_label.wav,불났다
5.화재_11957_label.wav,불났다
5.화재_11965_label.wav,화재다
5.화재_11967_label.wav,화재났어
5.화재_11987_label.wav,불이다
5.화재_11988_label.wav,불났어
5.화재_11992_label.wav,불났다
5.화재_11993_label.wav,화재났어
5.화재_12000_label.wav,불이다
5.화재_12004_label.wav,화재다
5.화재_12013_label.wav,불났다
5.화재_12017_label.wav,화재났어
5.화재_12024_label.wav,불났다
5.화재_12029_label.wav,불이다
5.화재_12034_label.wav,화재다
5.화재_12057_label.wav,불났어
5.화재_12060_label.wav,화재났어
5.화재_12069_label.wav,화재다
5.화재_12073_label.wav,화재다
5.화재_12078_label.wav,불났다
5.화재_12079_label.wav,화재다
5.화재_12084_label.wav,불났어
5.화재_12086_label.wav,불이다
5.화재_12087_label.wav,불났어
5.화재_12094_label.wav,불났다
5.화재_12103_label.wav,화재났어
5.화재_12105_label.wav,화재다
5.화재_12106_label.wav,불이다
5.화재_12108_label.wav,화재났어
5.화재_12113_label.wav,화재났어
5.화재_12119_label.wav,화재다
5.화재_12124_label.wav,불났다
5.화재_12125_label.wav,화재다
5.화재_12130_label.wav,불이다
5.화재_12137_label.wav,불이다
5.화재_12140_label.wav,불이다
5.화재_12144_label.wav,화재났어
5.화재_12156_label.wav,불났다
5.화재_12159_label.wav,화재다
5.화재_12169_label.wav,불이다
5.화재_12175_label.wav,불났어
5.화재_12176_label.wav,불났다
5.화재_12180_label.wav,불났다
5.화재_12181_label.wav,화재다
5.화재_12183_label.wav,불났어
5.화재_12186_label.wav,불났어
5.화재_12187_label.wav,화재다
5.화재_12191_label.wav,불났어
5.화재_12196_label.wav,화재났어
5.화재_12200_label.wav,불났어
5.화재_12212_label.wav,화재났어
5.화재_12215_label.wav,불났다
5.화재_12219_label.wav,화재다
5.화재_12224_label.wav,화재났어
5.화재_12229_label.wav,화재났어
5.화재_12230_label.wav,화재났어
5.화재_12244_label.wav,불났어
5.화재_12247_label.wav,화재났어
5.화재_12248_label.wav,불났어
5.화재_12249_label.wav,화재났어
5.화재_12257_label.wav,불났다
5.화재_12262_label.wav,화재다
5.화재_12263_label.wav,화재났어
5.화재_12267_label.wav,화재났어
5.화재_12305_label.wav,불났다
5.화재_12309_label.wav,화재다
5.화재_12314_label.wav,화재났어
5.화재_12328_label.wav,불났어
5.화재_12331_label.wav,불났어
5.화재_12352_label.wav,불났어
5.화재_12356_label.wav,불났다
5.화재_12358_label.wav,화재났어
5.화재_12360_label.wav,화재났어
5.화재_12361_label.wav,불났어
5.화재_12375_label.wav,불났어
5.화재_12377_label.wav,불이다
5.화재_12394_label.wav,화재났어
5.화재_12403_label.wav,화재났어
5.화재_12404_label.wav,화재났어
5.화재_12406_label.wav,불났다
5.화재_12409_label.wav,불났다
5.화재_12414_label.wav,화재다
5.화재_12420_label.wav,불났다
5.화재_12422_label.wav,불이다
5.화재_12425_label.wav,불났어
5.화재_12431_label.wav,불났다
5.화재_12435_label.wav,불났다
5.화재_12464_label.wav,불이다
5.화재_12466_label.wav,화재다
5.화재_12469_label.wav,불났다
5.화재_12471_label.wav,화재다
5.화재_12479_label.wav,화재다
5.화재_12481_label.wav,불이다
5.화재_12494_label.wav,불났다
5.화재_12517_label.wav,불났다
5.화재_12527_label.wav,불났다
5.화재_12529_label.wav,불났어
5.화재_12533_label.wav,화재났어
5.화재_12535_label.wav,화재났어
5.화재_12538_label.wav,불났다
5.화재_12539_label.wav,불이다
5.화재_12546_label.wav,화재났어
5.화재_12558_label.wav,불났어
5.화재_12567_label.wav,불이다
5.화재_12568_label.wav,불났다
5.화재_12580_label.wav,불났어
5.화재_12586_label.wav,불났어
5.화재_12594_label.wav,화재났어
5.화재_12610_label.wav,불났다
5.화재_12617_label.wav,불났다
5.화재_12626_label.wav,불이다
5.화재_12634_label.wav,불났다
5.화재_12651_label.wav,불났어
5.화재_12659_label.wav,화재났어
5.화재_12662_label.wav,화재다
5.화재_12702_label.wav,불났다
5.화재_12703_label.wav,화재났어
5.화재_12704_label.wav,불났다
5.화재_12711_label.wav,불났어
5.화재_12714_label.wav,불났어
5.화재_12724_label.wav,불났다
5.화재_12742_label.wav,불이다
5.화재_12746_label.wav,불났어
5.화재_12749_label.wav,불났어
5.화재_12750_label.wav,화재다
5.화재_12751_label.wav,화재났어
5.화재_12755_label.wav,불났다
5.화재_12756_label.wav,불났다
5.화재_12757_label.wav,화재다
5.화재_12759_label.wav,화재났어
5.화재_12765_label.wav,화재났어
5.화재_12769_label.wav,화재다
5.화재_12772_label.wav,불났다
5.화재_12777_label.wav,불났어
5.화재_12779_label.wav,화재났어
5.화재_12781_label.wav,화재났어
5.화재_12785_label.wav,불났다
5.화재_12786_label.wav,불이다
5.화재_12798_label.wav,화재다
5.화재_12800_label.wav,화재다
5.화재_12804_label.wav,불났어
5.화재_12807_label.wav,불났어
5.화재_12811_label.wav,화재났어
5.화재_12820_label.wav,화재다
5.화재_12821_label.wav,화재났어
5.화재_12849_label.wav,불났어
5.화재_12855_label.wav,화재났어
5.화재_12858_label.wav,화재다
5.화재_12861_label.wav,불났다
5.화재_12863_label.wav,불났어
5.화재_12864_label.wav,화재다
5.화재_12865_label.wav,화재났어
5.화재_12878_label.wav,불났어
5.화재_12880_label.wav,불났다
5.화재_12883_label.wav,화재났어
5.화재_12884_label.wav,화재다
5.화재_12888_label.wav,화재다
5.화재_12891_label.wav,화재다
5.화재_12895_label.wav,불났다
5.화재_12898_label.wav,화재났어
5.화재_12906_label.wav,불이다
5.화재_12914_label.wav,불이다
5.화재_12916_label.wav,화재났어
5.화재_12917_label.wav,불났어
5.화재_12929_label.wav,불났다
5.화재_12936_label.wav,화재났어
5.화재_12941_label.wav,화재다
5.화재_12946_label.wav,화재났어
5.화재_12970_label.wav,화재다
5.화재_12987_label.wav,불났다
5.화재_12995_label.wav,불났어
5.화재_12996_label.wav,불이다
5.화재_13002_label.wav,화재다
5.화재_13003_label.wav,화재났어
5.화재_13021_label.wav,불났다
5.화재_13025_label.wav,불났어
5.화재_13030_label.wav,화재다
5.화재_13043_label.wav,살려주세요
5.화재_13044_label.wav,살려주세요
5.화재_13048_label.wav,살려주세요
5.화재_13049_label.wav,살려주세요
5.화재_13061_label.wav,살려줘
5.화재_13063_label.wav,살려줘요
5.화재_13069_label.wav,살려줘
5.화재_13073_label.wav,살려줘요
5.화재_13084_label.wav,살려줘
5.화재_13087_label.wav,살려줘요
5.화재_13093_label.wav,살려주세요
5.화재_13099_label.wav,살려주세요
5.화재_13120_label.wav,살려주세요
5.화재_13132_label.wav,살려주세요
5.화재_13139_label.wav,살려줘
5.화재_13143_label.wav,살려줘요
5.화재_13150_label.wav,살려줘요
5.화재_13155_label.wav,살려주세요
5.화재_13157_label.wav,살려주세요
5.화재_13162_label.wav,살려줘
5.화재_13176_label.wav,살려주세요
5.화재_13180_label.wav,살려줘
5.화재_13191_label.wav,살려줘
5.화재_13192_label.wav,살려주세요
5.화재_13193_label.wav,살려주세요
5.화재_13204_label.wav,살려주세요
5.화재_13207_label.wav,살려줘
5.화재_13215_label.wav,살려줘요
5.화재_13232_label.wav,살려줘요
5.화재_13237_label.wav,살려줘요
5.화재_13239_label.wav,살려주세요
5.화재_13240_label.wav,살려주세요
5.화재_13242_label.wav,살려주세요
5.화재_13249_label.wav,살려줘요
5.화재_13267_label.wav,살려줘
5.화재_13277_label.wav,살려주세요
5.화재_13284_label.wav,살려주세요
5.화재_13304_label.wav,살려주세요
5.화재_13308_label.wav,살려주세요
5.화재_13318_label.wav,살려주세요
5.화재_13326_label.wav,살려주세요
5.화재_13328_label.wav,살려주세요
5.화재_13330_label.wav,살려주세요
5.화재_13337_label.wav,살려줘
5.화재_13338_label.wav,살려줘요
5.화재_13344_label.wav,살려주세요
5.화재_13346_label.wav,살려주세요
5.화재_13354_label.wav,살려주세요
5.화재_13357_label.wav,살려주세요
5.화재_13371_label.wav,살려주세요
5.화재_13374_label.wav,살려주세요
5.화재_13383_label.wav,살려주세요
5.화재_13386_label.wav,살려줘요
5.화재_13388_label.wav,살려주세요
5.화재_13404_label.wav,살려줘요
5.화재_13408_label.wav,살려줘요
5.화재_13410_label.wav,살려주세요
5.화재_13414_label.wav,살려주세요
5.화재_13425_label.wav,살려줘요
5.화재_13427_label.wav,살려주세요
5.화재_13430_label.wav,살려주세요
5.화재_13433_label.wav,살려주세요
5.화재_13445_label.wav,살려주세요
5.화재_13452_label.wav,살려줘요
5.화재_13456_label.wav,살려줘
5.화재_13461_label.wav,살려주세요
5.화재_13462_label.wav,살려줘
5.화재_13467_label.wav,살려줘요
5.화재_13472_label.wav,살려주세요
5.화재_13473_label.wav,살려주세요
5.화재_13476_label.wav,살려줘
5.화재_13478_label.wav,살려주세요
5.화재_13485_label.wav,살려줘
5.화재_13491_label.wav,살려줘요
5.화재_13501_label.wav,살려주세요
5.화재_13513_label.wav,살려주세요
5.화재_13515_label.wav,살려줘요
5.화재_13520_label.wav,살려줘요
5.화재_13526_label.wav,살려주세요
5.화재_13528_label.wav,살려주세요
5.화재_13532_label.wav,살려줘
5.화재_13536_label.wav,살려줘요
5.화재_13539_label.wav,살려주세요
5.화재_13541_label.wav,살려줘요
5.화재_13542_label.wav,살려줘
5.화재_13548_label.wav,살려주세요
5.화재_13553_label.wav,살려주세요
5.화재_13559_label.wav,살려주세요
5.화재_13561_label.wav,살려주세요
5.화재_13566_label.wav,살려줘요
5.화재_13574_label.wav,살려주세요
5.화재_13577_label.wav,살려주세요
5.화재_13581_label.wav,살려주세요
5.화재_13597_label.wav,살려줘
5.화재_13600_label.wav,살려줘요
5.화재_13607_label.wav,살려줘
5.화재_13612_label.wav,살려주세요
5.화재_13617_label.wav,살려줘요
5.화재_13618_label.wav,살려주세요
5.화재_13638_label.wav,살려줘
5.화재_13654_label.wav,살려주세요
5.화재_13655_label.wav,살려주세요
5.화재_13665_label.wav,살려주세요
5.화재_13666_label.wav,살려줘
5.화재_13680_label.wav,살려주세요
5.화재_13682_label.wav,살려줘
5.화재_13688_label.wav,살려주세요
5.화재_13702_label.wav,살려줘요
5.화재_13706_label.wav,살려주세요
5.화재_13712_label.wav,살려줘요
5.화재_13720_label.wav,살려줘
5.화재_13743_label.wav,살려주세요
5.화재_13745_label.wav,살려주세요
5.화재_13750_label.wav,살려주세요
5.화재_13757_label.wav,살려주세요
5.화재_13763_label.wav,살려주세요
5.화재_13764_label.wav,살려주세요
5.화재_13775_label.wav,살려줘
5.화재_13792_label.wav,살려줘요
5.화재_13793_label.wav,살려주세요
5.화재_13800_label.wav,살려주세요
5.화재_13801_label.wav,살려주세요
5.화재_13808_label.wav,살려줘요
5.화재_13810_label.wav,살려줘
5.화재_13812_label.wav,살려줘요
5.화재_13814_label.wav,살려줘요
5.화재_13816_label.wav,살려줘
5.화재_13822_label.wav,살려주세요
5.화재_13824_label.wav,살려주세요
5.화재_13836_label.wav,살려줘요
5.화재_13837_label.wav,살려주세요
5.화재_13854_label.wav,살려주세요
5.화재_13857_label.wav,살려주세요
5.화재_13858_label.wav,살려주세요
5.화재_13859_label.wav,살려주세요
5.화재_13875_label.wav,살려주세요
5.화재_13885_label.wav,살려줘
5.화재_13889_label.wav,살려주세요
5.화재_13897_label.wav,살려줘
5.화재_13904_label.wav,살려주세요
5.화재_13905_label.wav,살려줘
5.화재_13912_label.wav,살려주세요
5.화재_13917_label.wav,살려줘요
5.화재_13924_label.wav,살려줘
5.화재_13934_label.wav,살려줘요
5.화재_13938_label.wav,살려줘
5.화재_13942_label.wav,살려주세요
5.화재_13944_label.wav,살려줘요
5.화재_13948_label.wav,살려줘
5.화재_13959_label.wav,살려주세요
5.화재_13960_label.wav,살려줘
5.화재_13966_label.wav,살려줘
5.화재_13974_label.wav,살려주세요
5.화재_13976_label.wav,살려주세요
5.화재_13980_label.wav,살려줘요
5.화재_13984_label.wav,살려줘
5.화재_13987_label.wav,살려주세요
5.화재_13988_label.wav,살려주세요
5.화재_13992_label.wav,살려주세요
5.화재_13998_label.wav,살려주세요
5.화재_13999_label.wav,살려줘요
5.화재_14003_label.wav,살려줘
5.화재_14005_label.wav,살려주세요
5.화재_14014_label.wav,살려줘요
5.화재_14021_label.wav,살려주세요
5.화재_14030_label.wav,살려줘요
5.화재_14031_label.wav,살려주세요
5.화재_14038_label.wav,살려주세요
5.화재_14049_label.wav,살려주세요
5.화재_14050_label.wav,살려줘요
5.화재_14052_label.wav,살려줘
5.화재_14059_label.wav,살려주세요
5.화재_14067_label.wav,살려줘요
5.화재_14068_label.wav,살려주세요
5.화재_14073_label.wav,살려주세요
5.화재_14101_label.wav,살려줘요
5.화재_14103_label.wav,살려주세요
5.화재_14108_label.wav,살려주세요
5.화재_14114_label.wav,살려주세요
5.화재_14116_label.wav,살려주세요
5.화재_14135_label.wav,살려주세요
5.화재_14136_label.wav,살려주세요
5.화재_14140_label.wav,살려줘요
5.화재_14142_label.wav,살려줘요
5.화재_14143_label.wav,살려줘요
5.화재_14145_label.wav,살려주세요
5.화재_14160_label.wav,살려줘요
5.화재_14169_label.wav,살려줘요
5.화재_14178_label.wav,살려주세요
5.화재_14187_label.wav,살려주세요
5.화재_14189_label.wav,살려줘요
5.화재_14190_label.wav,살려주세요
5.화재_14191_label.wav,살려주세요
5.화재_14209_label.wav,살려주세요
5.화재_14211_label.wav,살려줘요
5.화재_14222_label.wav,살려줘요
5.화재_14225_label.wav,살려주세요
5.화재_14230_label.wav,살려주세요
5.화재_14233_label.wav,살려줘요
5.화재_14240_label.wav,살려줘
5.화재_14246_label.wav,살려주세요
5.화재_14248_label.wav,살려줘
5.화재_14251_label.wav,살려줘요
5.화재_14263_label.wav,살려줘
5.화재_14266_label.wav,살려주세요
5.화재_14274_label.wav,살려주세요
5.화재_14275_label.wav,살려줘
5.화재_14279_label.wav,살려주세요
5.화재_14281_label.wav,살려줘요
5.화재_14282_label.wav,살려주세요
5.화재_14286_label.wav,살려주세요
5.화재_14300_label.wav,살려주세요
5.화재_14309_label.wav,살려주세요
5.화재_14321_label.wav,살려주세요
5.화재_14337_label.wav,살려주세요
5.화재_14346_label.wav,살려줘요
5.화재_14369_label.wav,살려줘
5.화재_14375_label.wav,살려줘요
5.화재_14376_label.wav,살려주세요
5.화재_14377_label.wav,살려주세요
5.화재_14378_label.wav,살려줘
5.화재_14385_label.wav,살려주세요
5.화재_14387_label.wav,살려주세요
5.화재_14398_label.wav,살려주세요
5.화재_14412_label.wav,살려주세요
5.화재_14413_label.wav,살려줘요
5.화재_14424_label.wav,살려줘요
5.화재_14427_label.wav,살려줘
5.화재_14435_label.wav,살려주세요
5.화재_14438_label.wav,살려주세요
5.화재_14440_label.wav,살려주세요
5.화재_14452_label.wav,살려줘
5.화재_14462_label.wav,살려줘요
5.화재_14475_label.wav,살려줘
5.화재_14478_label.wav,살려줘요
5.화재_14496_label.wav,살려줘
5.화재_14505_label.wav,살려줘요
5.화재_14509_label.wav,살려주세요
5.화재_14512_label.wav,살려주세요
5.화재_14516_label.wav,살려주세요
5.화재_14524_label.wav,살려주세요
5.화재_14526_label.wav,살려주세요
5.화재_14527_label.wav,살려주세요
5.화재_14535_label.wav,살려주세요
5.화재_14538_label.wav,살려주세요
5.화재_14540_label.wav,살려주세요
5.화재_14542_label.wav,살려줘요
5.화재_14543_label.wav,살려줘요
5.화재_14545_label.wav,살려줘요
5.화재_14553_label.wav,살려주세요
5.화재_14561_label.wav,살려줘
5.화재_14563_label.wav,살려주세요
5.화재_14566_label.wav,살려주세요
5.화재_14567_label.wav,살려주세요
5.화재_14570_label.wav,살려줘요
5.화재_14573_label.wav,살려줘
5.화재_14574_label.wav,살려주세요
5.화재_14580_label.wav,살려주세요
5.화재_14588_label.wav,살려주세요
5.화재_14593_label.wav,살려주세요
5.화재_14594_label.wav,살려줘요
5.화재_14596_label.wav,살려줘요
5.화재_14600_label.wav,살려주세요
5.화재_14607_label.wav,살려줘
5.화재_14610_label.wav,살려주세요
5.화재_14615_label.wav,살려주세요
5.화재_14622_label.wav,살려주세요
5.화재_14624_label.wav,살려줘요
5.화재_14629_label.wav,살려줘요
5.화재_14632_label.wav,살려주세요
5.화재_14640_label.wav,살려줘요
5.화재_14641_label.wav,살려주세요
5.화재_14655_label.wav,살려주세요
5.화재_14658_label.wav,살려줘
5.화재_14660_label.wav,살려주세요
5.화재_14666_label.wav,살려줘요
5.화재_14673_label.wav,살려줘요
5.화재_14679_label.wav,살려줘
5.화재_14683_label.wav,살려주세요
5.화재_14686_label.wav,살려주세요
5.화재_14688_label.wav,살려주세요
5.화재_14694_label.wav,살려주세요
5.화재_14709_label.wav,살려주세요
5.화재_14726_label.wav,살려줘요
5.화재_14728_label.wav,살려줘요
5.화재_14735_label.wav,살려줘요
5.화재_14738_label.wav,살려줘
5.화재_14747_label.wav,살려줘
5.화재_14750_label.wav,살려주세요
5.화재_14754_label.wav,살려주세요
5.화재_14758_label.wav,살려주세요
5.화재_14767_label.wav,살려줘
5.화재_14771_label.wav,살려주세요
5.화재_14780_label.wav,살려줘요
5.화재_14787_label.wav,살려주세요
5.화재_14788_label.wav,살려줘
5.화재_14790_label.wav,살려줘요
5.화재_14799_label.wav,살려주세요
5.화재_14803_label.wav,살려줘요
5.화재_14812_label.wav,살려줘요
5.화재_14816_label.wav,살려주세요
5.화재_14820_label.wav,살려줘요
5.화재_14826_label.wav,살려주세요
5.화재_14827_label.wav,살려줘요
5.화재_14837_label.wav,살려줘
5.화재_14840_label.wav,살려줘요
5.화재_14846_label.wav,살려주세요
5.화재_14847_label.wav,살려주세요
5.화재_14849_label.wav,살려주세요
5.화재_14858_label.wav,살려줘요
5.화재_14874_label.wav,살려주세요
5.화재_14888_label.wav,살려줘
5.화재_14892_label.wav,살려줘요
5.화재_14896_label.wav,살려주세요
5.화재_14899_label.wav,살려주세요
5.화재_14903_label.wav,살려주세요
5.화재_14915_label.wav,살려주세요
5.화재_14916_label.wav,살려줘요
5.화재_14918_label.wav,살려줘요
5.화재_14922_label.wav,살려줘
5.화재_14924_label.wav,살려줘요
5.화재_14926_label.wav,살려주세요
5.화재_14935_label.wav,살려줘요
5.화재_14942_label.wav,살려줘요
5.화재_14943_label.wav,살려줘요
5.화재_14948_label.wav,살려줘
5.화재_14949_label.wav,살려줘
5.화재_14967_label.wav,살려주세요
5.화재_14971_label.wav,살려줘요
5.화재_14972_label.wav,살려줘요
5.화재_14976_label.wav,살려주세요
5.화재_14982_label.wav,살려주세요
5.화재_14983_label.wav,살려주세요
5.화재_14984_label.wav,살려주세요
5.화재_14988_label.wav,살려주세요
5.화재_14999_label.wav,살려주세요
5.화재_15008_label.wav,살려주세요
5.화재_15011_label.wav,살려줘
5.화재_15018_label.wav,살려줘
5.화재_15025_label.wav,살려주세요
5.화재_15031_label.wav,살려주세요
5.화재_15037_label.wav,살려주세요
5.화재_15038_label.wav,살려줘
5.화재_15043_label.wav,살려줘요
5.화재_15044_label.wav,살려주세요
5.화재_15049_label.wav,살려줘요
5.화재_15057_label.wav,살려주세요
5.화재_15058_label.wav,살려주세요
5.화재_15067_label.wav,살려줘요
5.화재_15070_label.wav,살려주세요
5.화재_15080_label.wav,살려주세요
5.화재_15085_label.wav,살려줘
5.화재_15090_label.wav,살려줘요
5.화재_15092_label.wav,살려줘
5.화재_15099_label.wav,살려주세요
5.화재_15106_label.wav,살려주세요
5.화재_15121_label.wav,살려주세요
5.화재_15122_label.wav,살려주세요
5.화재_15123_label.wav,살려주세요
5.화재_15129_label.wav,살려주세요
5.화재_15135_label.wav,살려주세요
5.화재_15149_label.wav,살려줘요
5.화재_15151_label.wav,살려주세요
5.화재_15154_label.wav,살려주세요
5.화재_15164_label.wav,살려줘요
5.화재_15180_label.wav,살려줘
5.화재_15185_label.wav,살려주세요
5.화재_15186_label.wav,살려줘요
5.화재_15187_label.wav,살려주세요
5.화재_15190_label.wav,살려줘
5.화재_15197_label.wav,살려주세요
5.화재_15210_label.wav,살려줘요
5.화재_15212_label.wav,살려줘요
5.화재_15217_label.wav,살려주세요
5.화재_15226_label.wav,살려줘요
5.화재_15230_label.wav,살려줘요
5.화재_15236_label.wav,살려주세요
5.화재_15240_label.wav,살려줘
5.화재_15242_label.wav,살려줘
5.화재_15244_label.wav,살려줘요
5.화재_15248_label.wav,살려줘
5.화재_15250_label.wav,살려줘
5.화재_15251_label.wav,살려주세요
5.화재_15254_label.wav,살려줘
5.화재_15262_label.wav,살려줘요
5.화재_15268_label.wav,살려줘요
5.화재_15269_label.wav,살려주세요
5.화재_15271_label.wav,살려주세요
5.화재_15278_label.wav,살려줘
5.화재_15287_label.wav,살려주세요
5.화재_15292_label.wav,살려주세요
5.화재_15296_label.wav,살려주세요
5.화재_15298_label.wav,살려주세요
5.화재_15302_label.wav,살려줘
5.화재_15306_label.wav,살려줘요
5.화재_15318_label.wav,살려주세요
5.화재_15323_label.wav,살려주세요
5.화재_15325_label.wav,살려주세요
5.화재_15326_label.wav,살려주세요
5.화재_15334_label.wav,살려줘
5.화재_15341_label.wav,살려주세요
5.화재_15347_label.wav,살려주세요
5.화재_15349_label.wav,살려줘요
5.화재_15351_label.wav,살려주세요
5.화재_15358_label.wav,살려줘요
5.화재_15359_label.wav,살려주세요
5.화재_15365_label.wav,살려줘요
5.화재_15376_label.wav,살려줘요
5.화재_15378_label.wav,살려주세요
5.화재_15394_label.wav,살려줘요
5.화재_15401_label.wav,살려주세요
5.화재_15407_label.wav,살려주세요
5.화재_15410_label.wav,살려주세요
5.화재_15411_label.wav,살려주세요
5.화재_15421_label.wav,살려주세요
5.화재_15439_label.wav,살려줘요
5.화재_15441_label.wav,살려줘
5.화재_15446_label.wav,살려주세요
5.화재_15448_label.wav,살려주세요
5.화재_15449_label.wav,살려주세요
5.화재_15450_label.wav,살려주세요
5.화재_15452_label.wav,살려줘요
5.화재_15456_label.wav,살려주세요
5.화재_15469_label.wav,살려줘요
5.화재_15471_label.wav,살려주세요
5.화재_15490_label.wav,살려줘요
5.화재_15499_label.wav,살려주세요
5.화재_15500_label.wav,살려주세요
5.화재_15502_label.wav,살려주세요
5.화재_15503_label.wav,살려줘
5.화재_15506_label.wav,살려줘요
5.화재_15518_label.wav,살려주세요
5.화재_15521_label.wav,살려줘요
5.화재_15523_label.wav,살려줘요
5.화재_15524_label.wav,살려줘
5.화재_15534_label.wav,살려줘
5.화재_15536_label.wav,살려줘요
5.화재_15537_label.wav,살려줘
5.화재_15538_label.wav,살려줘
5.화재_15540_label.wav,살려줘요
5.화재_15568_label.wav,살려주세요
5.화재_15571_label.wav,살려줘요
5.화재_15572_label.wav,살려주세요
5.화재_15576_label.wav,살려줘요
5.화재_15578_label.wav,살려주세요
5.화재_15580_label.wav,살려줘요
5.화재_15589_label.wav,살려줘
5.화재_15598_label.wav,살려줘요
5.화재_15599_label.wav,살려줘
5.화재_15604_label.wav,살려주세요
5.화재_15605_label.wav,살려주세요
5.화재_15611_label.wav,살려주세요
5.화재_15616_label.wav,살려주세요
5.화재_6606_label.wav,화재다
5.화재_6623_label.wav,화재다
5.화재_6629_label.wav,화재다
5.화재_6648_label.wav,불났다
5.화재_6656_label.wav,화재났어
5.화재_6689_label.wav,불났다
5.화재_6704_label.wav,화재났어
5.화재_6733_label.wav,불났어
5.화재_6737_label.wav,화재다
5.화재_6748_label.wav,불났어
5.화재_6772_label.wav,불이다
5.화재_6778_label.wav,화재났어
5.화재_6785_label.wav,불이다
5.화재_6793_label.wav,화재났어
5.화재_6800_label.wav,불났다
5.화재_6804_label.wav,화재났어
5.화재_6808_label.wav,불이다
5.화재_6810_label.wav,화재다
5.화재_6812_label.wav,불났다
5.화재_6815_label.wav,불이다
5.화재_6830_label.wav,불이다
5.화재_6832_label.wav,화재났어
5.화재_6836_label.wav,불났다
5.화재_6837_label.wav,불이다
5.화재_6844_label.wav,불났어
5.화재_6847_label.wav,화재났어
5.화재_6850_label.wav,불났다
5.화재_6859_label.wav,불났어
5.화재_6861_label.wav,화재다
5.화재_6868_label.wav,불났다
5.화재_6869_label.wav,불이다
5.화재_6883_label.wav,화재다
5.화재_6884_label.wav,화재났어
5.화재_6891_label.wav,불났어
5.화재_6892_label.wav,화재다
5.화재_6895_label.wav,불났다
5.화재_6901_label.wav,화재다
5.화재_6903_label.wav,불났다
5.화재_6905_label.wav,불났어
5.화재_6916_label.wav,화재다
5.화재_6917_label.wav,화재다
5.화재_6928_label.wav,화재다
5.화재_6929_label.wav,화재다
5.화재_6939_label.wav,불났다
5.화재_6953_label.wav,불났어
5.화재_6962_label.wav,불났다
5.화재_6971_label.wav,불났다
5.화재_6986_label.wav,불났어
5.화재_6997_label.wav,화재났어
5.화재_6998_label.wav,불났어
5.화재_7000_label.wav,화재다
5.화재_7004_label.wav,화재다
5.화재_7005_label.wav,불났다
5.화재_7012_label.wav,화재다
5.화재_7013_label.wav,화재났어
5.화재_7028_label.wav,불났다
5.화재_7029_label.wav,불났다
5.화재_7035_label.wav,화재났어
5.화재_7036_label.wav,불났어
5.화재_7037_label.wav,화재다
5.화재_7043_label.wav,불이다
5.화재_7046_label.wav,불났다
5.화재_7060_label.wav,불났다
5.화재_7072_label.wav,불났다
5.화재_7076_label.wav,화재다
5.화재_7080_label.wav,불이다
5.화재_7081_label.wav,화재다
5.화재_7085_label.wav,화재났어
5.화재_7110_label.wav,불났어
5.화재_7111_label.wav,불났어
5.화재_7112_label.wav,화재다
5.화재_7118_label.wav,화재다
5.화재_7131_label.wav,화재다
5.화재_7134_label.wav,불났다
5.화재_7138_label.wav,불났다
5.화재_7141_label.wav,화재났어
5.화재_7142_label.wav,불났다
5.화재_7148_label.wav,화재났어
5.화재_7157_label.wav,화재다
5.화재_7159_label.wav,화재다
5.화재_7162_label.wav,불났다
5.화재_7180_label.wav,화재났어
5.화재_7185_label.wav,화재났어
5.화재_7186_label.wav,불났다
5.화재_7192_label.wav,불났어
5.화재_7197_label.wav,불이다
5.화재_7201_label.wav,화재다
5.화재_7204_label.wav,불났다
5.화재_7205_label.wav,화재났어
5.화재_7206_label.wav,불이다
5.화재_7216_label.wav,화재다
5.화재_7222_label.wav,화재다
5.화재_7226_label.wav,화재났어
5.화재_7227_label.wav,화재났어
5.화재_7229_label.wav,불났다
5.화재_7234_label.wav,불났어
5.화재_7239_label.wav,화재다
5.화재_7256_label.wav,화재다
5.화재_7258_label.wav,불이다
5.화재_7259_label.wav,불났다
5.화재_7262_label.wav,불났다
5.화재_7263_label.wav,불났다
5.화재_7268_label.wav,화재다
5.화재_7270_label.wav,불났어
5.화재_7272_label.wav,불났다
5.화재_7274_label.wav,불났어
5.화재_7275_label.wav,불났다
5.화재_7277_label.wav,화재다
5.화재_7303_label.wav,화재다
5.화재_7307_label.wav,불났다
5.화재_7311_label.wav,불났다
5.화재_7313_label.wav,불났어
5.화재_7315_label.wav,화재났어
5.화재_7322_label.wav,불났다
5.화재_7327_label.wav,화재났어
5.화재_7332_label.wav,불났다
5.화재_7345_label.wav,화재다
5.화재_7351_label.wav,불났다
5.화재_7355_label.wav,화재다
5.화재_7364_label.wav,화재다
5.화재_7370_label.wav,불났다
5.화재_7376_label.wav,화재났어
5.화재_7385_label.wav,화재났어
5.화재_7388_label.wav,불났다
5.화재_7395_label.wav,불났다
5.화재_7396_label.wav,불났다
5.화재_7398_label.wav,화재났어
5.화재_7401_label.wav,화재났어
5.화재_7402_label.wav,불이다
5.화재_7429_label.wav,화재다
5.화재_7435_label.wav,화재났어
5.화재_7437_label.wav,불났어
5.화재_7438_label.wav,불이다
5.화재_7441_label.wav,불이다
5.화재_7445_label.wav,불났다
5.화재_7450_label.wav,불났다
5.화재_7451_label.wav,불났다
5.화재_7463_label.wav,불났다
5.화재_7468_label.wav,불났다
5.화재_7469_label.wav,불났다
5.화재_7482_label.wav,화재났어
5.화재_7499_label.wav,화재다
5.화재_7504_label.wav,화재났어
5.화재_7506_label.wav,화재났어
5.화재_7533_label.wav,불났어
5.화재_7535_label.wav,불이다
5.화재_7538_label.wav,불났다
5.화재_7571_label.wav,불났어
5.화재_7589_label.wav,화재났어
5.화재_7592_label.wav,화재다
5.화재_7596_label.wav,불났어
5.화재_7616_label.wav,불났다
5.화재_7622_label.wav,화재다
5.화재_7627_label.wav,불났다
5.화재_7629_label.wav,화재났어
5.화재_7631_label.wav,불났어
5.화재_7632_label.wav,화재다
5.화재_7635_label.wav,불이다
5.화재_7639_label.wav,화재났어
5.화재_7640_label.wav,화재다
5.화재_7643_label.wav,화재났어
5.화재_7651_label.wav,불났다
5.화재_7660_label.wav,불났다
5.화재_7680_label.wav,불났다
5.화재_7681_label.wav,화재났어
5.화재_7687_label.wav,불났다
5.화재_7695_label.wav,불났다
5.화재_7708_label.wav,화재다
5.화재_7731_label.wav,화재다
5.화재_7733_label.wav,불났다
5.화재_7736_label.wav,화재났어
5.화재_7737_label.wav,불이다
5.화재_7741_label.wav,화재났어
5.화재_7754_label.wav,화재다
5.화재_7756_label.wav,화재났어
5.화재_7757_label.wav,불났다
5.화재_7759_label.wav,화재났어
5.화재_7762_label.wav,화재다
5.화재_7764_label.wav,화재다
5.화재_7765_label.wav,불났다
5.화재_7768_label.wav,불났다
5.화재_7770_label.wav,화재다
5.화재_7780_label.wav,불났다
5.화재_7782_label.wav,불났어
5.화재_7793_label.wav,불났어
5.화재_7794_label.wav,화재다
5.화재_7801_label.wav,불났다
5.화재_7805_label.wav,불이다
5.화재_7806_label.wav,화재다
5.화재_7811_label.wav,화재났어
5.화재_7814_label.wav,불이다
5.화재_7818_label.wav,불났다
5.화재_7819_label.wav,화재다
5.화재_7822_label.wav,화재났어
5.화재_7823_label.wav,화재났어
5.화재_7833_label.wav,불났어
5.화재_7835_label.wav,불났다
5.화재_7847_label.wav,불났어
5.화재_7853_label.wav,불났어
5.화재_7864_label.wav,화재났어
5.화재_7873_label.wav,불났다
5.화재_7894_label.wav,화재났어
5.화재_7900_label.wav,불났다
5.화재_7901_label.wav,불이다
5.화재_7902_label.wav,화재다
5.화재_7907_label.wav,불났다
5.화재_7908_label.wav,불났다
5.화재_7921_label.wav,불났다
5.화재_7922_label.wav,불났다
5.화재_7923_label.wav,불났어
5.화재_7930_label.wav,불이다
5.화재_7931_label.wav,불이다
5.화재_7934_label.wav,불났다
5.화재_7936_label.wav,화재다
5.화재_7949_label.wav,불났다
5.화재_7952_label.wav,불이다
5.화재_7960_label.wav,화재났어
5.화재_7962_label.wav,화재났어
5.화재_7963_label.wav,화재났어
5.화재_7969_label.wav,화재다
5.화재_7978_label.wav,화재다
5.화재_7987_label.wav,불이다
5.화재_7994_label.wav,화재났어
5.화재_7997_label.wav,불났다
5.화재_8005_label.wav,화재다
5.화재_8014_label.wav,불났다
5.화재_8016_label.wav,불났다
5.화재_8020_label.wav,화재났어
5.화재_8030_label.wav,화재났어
5.화재_8033_label.wav,화재다
5.화재_8035_label.wav,불났어
5.화재_8042_label.wav,불났다
5.화재_8055_label.wav,불이다
5.화재_8057_label.wav,불났어
5.화재_8059_label.wav,불났어
5.화재_8063_label.wav,화재다
5.화재_8073_label.wav,불났어
5.화재_8080_label.wav,불났다
5.화재_8084_label.wav,화재다
5.화재_8086_label.wav,불났다
5.화재_8087_label.wav,불났어
5.화재_8095_label.wav,불이다
5.화재_8097_label.wav,불났어
5.화재_8099_label.wav,화재다
5.화재_8105_label.wav,불났어
5.화재_8121_label.wav,화재다
5.화재_8126_label.wav,화재났어
5.화재_8133_label.wav,화재났어
5.화재_8143_label.wav,불났다
5.화재_8147_label.wav,화재났어
5.화재_8154_label.wav,화재났어
5.화재_8155_label.wav,화재다
5.화재_8157_label.wav,화재다
5.화재_8164_label.wav,불났다
5.화재_8165_label.wav,불났다
5.화재_8169_label.wav,불났다
5.화재_8170_label.wav,불났어
5.화재_8190_label.wav,화재다
5.화재_8200_label.wav,불났다
5.화재_8210_label.wav,불났어
5.화재_8216_label.wav,화재다
5.화재_8217_label.wav,불났어
5.화재_8230_label.wav,화재났어
5.화재_8242_label.wav,화재났어
5.화재_8245_label.wav,화재났어
5.화재_8260_label.wav,화재났어
5.화재_8268_label.wav,화재다
5.화재_8270_label.wav,불났다
5.화재_8306_label.wav,화재다
5.화재_8309_label.wav,불이다
5.화재_8314_label.wav,화재났어
5.화재_8339_label.wav,화재났어
5.화재_8340_label.wav,불났다
5.화재_8342_label.wav,불났어
5.화재_8347_label.wav,불났어
5.화재_8356_label.wav,화재다
5.화재_8358_label.wav,불났어
5.화재_8362_label.wav,화재다
5.화재_8379_label.wav,불이다
5.화재_8381_label.wav,불났다
5.화재_8382_label.wav,화재났어
5.화재_8384_label.wav,화재다
5.화재_8385_label.wav,화재났어
5.화재_8389_label.wav,화재났어
5.화재_8391_label.wav,화재다
5.화재_8392_label.wav,화재났어
5.화재_8395_label.wav,불났어
5.화재_8396_label.wav,불났어
5.화재_8398_label.wav,화재났어
5.화재_8400_label.wav,화재났어
5.화재_8403_label.wav,불났다
5.화재_8438_label.wav,화재났어
5.화재_8440_label.wav,불났다
5.화재_8441_label.wav,불이다
5.화재_8451_label.wav,화재났어
5.화재_8454_label.wav,불났다
5.화재_8455_label.wav,화재났어
5.화재_8456_label.wav,화재났어
5.화재_8467_label.wav,화재다
5.화재_8476_label.wav,불났다
5.화재_8492_label.wav,불이다
5.화재_8496_label.wav,불이다
5.화재_8499_label.wav,불났다
5.화재_8505_label.wav,불났다
5.화재_8515_label.wav,불났어
5.화재_8521_label.wav,불이다
5.화재_8539_label.wav,불났다
5.화재_8543_label.wav,불났어
5.화재_8548_label.wav,화재났어
5.화재_8549_label.wav,화재났어
5.화재_8550_label.wav,불이다
5.화재_8553_label.wav,불났어
5.화재_8563_label.wav,화재다
5.화재_8576_label.wav,화재다
5.화재_8584_label.wav,불났다
5.화재_8592_label.wav,불났다
5.화재_8628_label.wav,불났어
5.화재_8629_label.wav,불이다
5.화재_8635_label.wav,화재났어
5.화재_8636_label.wav,불났어
5.화재_8651_label.wav,불났어
5.화재_8662_label.wav,불났다
5.화재_8671_label.wav,불이다
5.화재_8678_label.wav,불났다
5.화재_8691_label.wav,화재다
5.화재_8698_label.wav,화재다
5.화재_8700_label.wav,불났어
5.화재_8706_label.wav,불났다
5.화재_8714_label.wav,화재다
5.화재_8723_label.wav,화재다
5.화재_8726_label.wav,불났다
5.화재_8727_label.wav,화재다
5.화재_8737_label.wav,불났어
5.화재_8744_label.wav,불이다
5.화재_8746_label.wav,불났다
5.화재_8748_label.wav,화재났어
5.화재_8751_label.wav,불났다
5.화재_8762_label.wav,불났다
5.화재_8763_label.wav,불났다
5.화재_8778_label.wav,불이다
5.화재_8779_label.wav,화재다
5.화재_8784_label.wav,화재다
5.화재_8789_label.wav,불났다
5.화재_8790_label.wav,화재났어
5.화재_8796_label.wav,불났어
5.화재_8797_label.wav,불났다
5.화재_8801_label.wav,화재다
5.화재_8802_label.wav,화재다
5.화재_8803_label.wav,화재다
5.화재_8807_label.wav,화재다
5.화재_8809_label.wav,불이다
5.화재_8821_label.wav,화재났어
5.화재_8824_label.wav,불났다
5.화재_8833_label.wav,불났다
5.화재_8834_label.wav,불이다
5.화재_8835_label.wav,불났어
5.화재_8847_label.wav,화재다
5.화재_8848_label.wav,화재났어
5.화재_8857_label.wav,화재다
5.화재_8858_label.wav,불났다
5.화재_8859_label.wav,불났어
5.화재_8869_label.wav,화재났어
5.화재_8889_label.wav,불났다
5.화재_8892_label.wav,불났다
5.화재_8899_label.wav,화재났어
5.화재_8905_label.wav,화재다
5.화재_8911_label.wav,화재났어
5.화재_8913_label.wav,화재다
5.화재_8923_label.wav,화재났어
5.화재_8933_label.wav,화재다
5.화재_8935_label.wav,불났다
5.화재_8941_label.wav,화재다
5.화재_8944_label.wav,불이다
5.화재_8951_label.wav,불이다
5.화재_8960_label.wav,불났다
5.화재_8962_label.wav,불났다
5.화재_8964_label.wav,화재다
5.화재_8973_label.wav,화재다
5.화재_8979_label.wav,불났다
5.화재_8989_label.wav,화재났어
5.화재_8990_label.wav,화재다
5.화재_8993_label.wav,불났어
5.화재_8998_label.wav,불났어
5.화재_9005_label.wav,불났다
5.화재_9007_label.wav,화재다
5.화재_9008_label.wav,화재났어
5.화재_9012_label.wav,불났다
5.화재_9038_label.wav,화재다
5.화재_9049_label.wav,화재났어
5.화재_9057_label.wav,화재다
5.화재_9058_label.wav,불났다
5.화재_9060_label.wav,화재다
5.화재_9061_label.wav,불났다
5.화재_9064_label.wav,불났어
5.화재_9072_label.wav,불이다
5.화재_9090_label.wav,불이다
5.화재_9095_label.wav,불났다
5.화재_9098_label.wav,불났다
5.화재_9100_label.wav,불이다
5.화재_9117_label.wav,불났어
5.화재_9118_label.wav,불났다
5.화재_9121_label.wav,화재다
5.화재_9122_label.wav,불났어
5.화재_9123_label.wav,화재다
5.화재_9138_label.wav,화재다
5.화재_9141_label.wav,불났다
5.화재_9146_label.wav,불났어
5.화재_9156_label.wav,불났다
5.화재_9161_label.wav,불났어
5.화재_9168_label.wav,불났어
5.화재_9173_label.wav,불이다
5.화재_9175_label.wav,화재다
5.화재_9182_label.wav,불이다
5.화재_9189_label.wav,불났다
5.화재_9197_label.wav,화재났어
5.화재_9203_label.wav,화재났어
5.화재_9204_label.wav,화재났어
5.화재_9207_label.wav,화재났어
5.화재_9208_label.wav,불났어
5.화재_9210_label.wav,불났다
5.화재_9233_label.wav,화재다
5.화재_9246_label.wav,화재다
5.화재_9253_label.wav,화재다
5.화재_9254_label.wav,화재다
5.화재_9255_label.wav,불이다
5.화재_9256_label.wav,불났어
5.화재_9259_label.wav,불났다
5.화재_9261_label.wav,불났어
5.화재_9262_label.wav,화재다
5.화재_9264_label.wav,불났어
5.화재_9265_label.wav,화재다
5.화재_9267_label.wav,불났어
5.화재_9270_label.wav,불났다
5.화재_9272_label.wav,불났어
5.화재_9275_label.wav,불났다
5.화재_9304_label.wav,불이다
5.화재_9307_label.wav,불났다
5.화재_9315_label.wav,화재다
5.화재_9316_label.wav,화재났어
5.화재_9337_label.wav,화재다
5.화재_9338_label.wav,불났다
5.화재_9357_label.wav,불났다
5.화재_9360_label.wav,불났어
5.화재_9385_label.wav,불났어
5.화재_9386_label.wav,화재다
5.화재_9390_label.wav,화재다
5.화재_9393_label.wav,불났다
5.화재_9397_label.wav,화재다
5.화재_9422_label.wav,불이다
5.화재_9426_label.wav,불이다
5.화재_9427_label.wav,불났어
5.화재_9430_label.wav,불났다
5.화재_9431_label.wav,불났어
5.화재_9436_label.wav,불이다
5.화재_9442_label.wav,화재다
5.화재_9458_label.wav,불났어
5.화재_9474_label.wav,화재다
5.화재_9478_label.wav,불났다
5.화재_9490_label.wav,불났다
5.화재_9502_label.wav,화재났어
5.화재_9526_label.wav,화재다
5.화재_9527_label.wav,화재다
5.화재_9529_label.wav,불났다
5.화재_9536_label.wav,불났어
5.화재_9553_label.wav,불났다
5.화재_9562_label.wav,불났다
5.화재_9569_label.wav,화재다
5.화재_9585_label.wav,화재다
5.화재_9588_label.wav,화재났어
5.화재_9590_label.wav,화재났어
5.화재_9592_label.wav,화재다
5.화재_9593_label.wav,화재다
5.화재_9595_label.wav,화재다
5.화재_9618_label.wav,화재다
5.화재_9627_label.wav,불났다
5.화재_9629_label.wav,화재났어
5.화재_9630_label.wav,불이다
5.화재_9632_label.wav,불났어
5.화재_9639_label.wav,불났다
5.화재_9642_label.wav,불났다
5.화재_9644_label.wav,불났다
5.화재_9646_label.wav,화재다
5.화재_9655_label.wav,불났어
5.화재_9660_label.wav,화재났어
5.화재_9662_label.wav,불이다
5.화재_9666_label.wav,화재났어
5.화재_9672_label.wav,불났다
5.화재_9674_label.wav,불났다
5.화재_9684_label.wav,화재났어
5.화재_9693_label.wav,불났어
5.화재_9700_label.wav,불났다
5.화재_9703_label.wav,화재났어
5.화재_9705_label.wav,불이다
5.화재_9715_label.wav,불났다
5.화재_9723_label.wav,불났다
5.화재_9727_label.wav,불났어
5.화재_9728_label.wav,불났다
5.화재_9730_label.wav,불났다
5.화재_9732_label.wav,불났어
5.화재_9741_label.wav,불이다
5.화재_9742_label.wav,화재다
5.화재_9743_label.wav,불이다
5.화재_9744_label.wav,화재났어
5.화재_9745_label.wav,불났다
5.화재_9751_label.wav,불났다
5.화재_9776_label.wav,화재다
5.화재_9777_label.wav,불났어
5.화재_9783_label.wav,불이다
5.화재_9795_label.wav,불났다
5.화재_9798_label.wav,화재났어
5.화재_9818_label.wav,화재났어
5.화재_9823_label.wav,불났다
5.화재_9833_label.wav,불났어
5.화재_9835_label.wav,불났다
5.화재_9843_label.wav,불났어
5.화재_9845_label.wav,불났다
5.화재_9847_label.wav,화재났어
5.화재_9852_label.wav,화재났어
5.화재_9858_label.wav,화재다
5.화재_9861_label.wav,불이다
5.화재_9862_label.wav,화재다
5.화재_9864_label.wav,화재났어
5.화재_9870_label.wav,화재다
5.화재_9877_label.wav,불났다
5.화재_9884_label.wav,불이다
5.화재_9891_label.wav,불났어
5.화재_9896_label.wav,화재다
5.화재_9901_label.wav,화재났어
5.화재_9915_label.wav,불났다
5.화재_9919_label.wav,화재다
5.화재_9922_label.wav,화재났어
5.화재_9943_label.wav,화재다
5.화재_9945_label.wav,화재다
5.화재_9950_label.wav,불났다
5.화재_9954_label.wav,불났어
5.화재_9956_label.wav,화재다
5.화재_9975_label.wav,불났다
5.화재_9981_label.wav,불났다
5.화재_9988_label.wav,불났다
5.화재_9989_label.wav,화재다
5.화재_9997_label.wav,불났어
